{
  "drive": {
    "p": 0.082741,
    "i": 0,
    "d": 0,
    "f": 0.005,
    "iz": 0
  },
  "angle": {
    "p": 0.012645,
    "i": 0,
    "d": 0.0025,
    "f": 0,
    "iz": 0
  }
}